{
  "toxin": {
    "GG_AC_Mean_Filt": {
      "count": 10,
      "mean": 8.196730905940594,
      "std": 0.183226704215753,
      "min": 7.9378830445544555,
      "max": 8.569406905940594
    },
    "GG_AC_Std_Filt": {
      "count": 10,
      "mean": 0.2140578414648405,
      "std": 0.043957900596652465,
      "min": 0.15997392232454327,
      "max": 0.31059717292028005
    },
    "GG_BD_Mean_Filt": {
      "count": 10,
      "mean": 7.983907623762377,
      "std": 0.08894476064552499,
      "min": 7.84055797029703,
      "max": 8.16598193069307
    },
    "GG_BD_Std_Filt": {
      "count": 10,
      "mean": 0.20703657356859964,
      "std": 0.03141988006714334,
      "min": 0.16542259547864135,
      "max": 0.2521026014189289
    },
    "COM_Mean_Filt": {
      "count": 10,
      "mean": 30.498337819306933,
      "std": 0.29384257561088944,
      "min": 30.001377995049506,
      "max": 30.95371636138614
    },
    "COM_Std_Filt": {
      "count": 10,
      "mean": 0.313194400691548,
      "std": 0.07276641793108374,
      "min": 0.20471385180836638,
      "max": 0.43321735961609154
    },
    "Ion_Count": {
      "count": 10,
      "mean": 2.9,
      "std": 1.3,
      "min": 2.0,
      "max": 6.0
    },
    "Ion_AvgOcc_S0": {
      "count": 10,
      "mean": 0.03748,
      "std": 0.07331987179475971,
      "min": 0.0,
      "max": 0.2295
    },
    "Ion_AvgOcc_S1": {
      "count": 10,
      "mean": 0.09417999999999997,
      "std": 0.13293216164645785,
      "min": 0.0,
      "max": 0.473
    },
    "Ion_AvgOcc_S2": {
      "count": 10,
      "mean": 0.88846,
      "std": 0.13745707111676722,
      "min": 0.5181,
      "max": 0.9998
    },
    "Ion_AvgOcc_S3": {
      "count": 10,
      "mean": 0.12715,
      "std": 0.08678214390068961,
      "min": 0.0079,
      "max": 0.322
    },
    "Ion_AvgOcc_S4": {
      "count": 10,
      "mean": 0.87783,
      "std": 0.08121016007865024,
      "min": 0.6941,
      "max": 0.9911
    },
    "Ion_AvgOcc_Cavity": {
      "count": 10,
      "mean": 0.008220000000000002,
      "std": 0.011869355500615861,
      "min": 0.0,
      "max": 0.0391
    },
    "CavityWater_MeanOcc": {
      "count": 10,
      "mean": 20.139480198019804,
      "std": 0.6846446887211917,
      "min": 18.70321782178218,
      "max": 20.855940594059405
    },
    "CavityWater_StdOcc": {
      "count": 10,
      "mean": 2.836308115276068,
      "std": 0.26496745883368755,
      "min": 2.522280871362228,
      "max": 3.409494030521587
    },
    "CavityWater_AvgResidenceTime_ns": {
      "count": 10,
      "mean": 0.26708344821896063,
      "std": 0.010823937523962416,
      "min": 0.2523972003499563,
      "max": 0.2909939148073023
    },
    "CavityWater_ExchangeRatePerNs": {
      "count": 10,
      "mean": 30.189650903689035,
      "std": 2.7003777096656587,
      "min": 24.411983164149543,
      "max": 33.14434265907403
    }
  },
  "control": {
    "GG_AC_Mean_Filt": {
      "count": 5,
      "mean": 7.918940030239651,
      "std": 0.08801329838995689,
      "min": 7.781680346534653,
      "max": 8.049795770010132
    },
    "GG_AC_Std_Filt": {
      "count": 5,
      "mean": 0.15029011416060117,
      "std": 0.07036579105881795,
      "min": 0.10302071251840916,
      "max": 0.28897556323108214
    },
    "GG_BD_Mean_Filt": {
      "count": 5,
      "mean": 7.9090725133317274,
      "std": 0.10266351894794262,
      "min": 7.829883465346535,
      "max": 8.107822492401215
    },
    "GG_BD_Std_Filt": {
      "count": 5,
      "mean": 0.13768677428097437,
      "std": 0.04927754964461064,
      "min": 0.10279229772180748,
      "max": 0.23396771944938297
    },
    "COM_Mean_Filt": {
      "count": 0,
      "mean": null,
      "std": null,
      "min": null,
      "max": null
    },
    "COM_Std_Filt": {
      "count": 0,
      "mean": null,
      "std": null,
      "min": null,
      "max": null
    },
    "Ion_Count": {
      "count": 5,
      "mean": 30.0,
      "std": 0.0,
      "min": 30.0,
      "max": 30.0
    },
    "Ion_AvgOcc_S0": {
      "count": 5,
      "mean": 0.5785800000000001,
      "std": 0.25325611068639586,
      "min": 0.0998,
      "max": 0.8376
    },
    "Ion_AvgOcc_S1": {
      "count": 5,
      "mean": 0.23254000000000002,
      "std": 0.14056148263304566,
      "min": 0.001,
      "max": 0.38
    },
    "Ion_AvgOcc_S2": {
      "count": 5,
      "mean": 0.9027200000000001,
      "std": 0.05825703047701623,
      "min": 0.8042,
      "max": 0.9777
    },
    "Ion_AvgOcc_S3": {
      "count": 5,
      "mean": 0.11916,
      "std": 0.06534776507272456,
      "min": 0.0342,
      "max": 0.2356
    },
    "Ion_AvgOcc_S4": {
      "count": 5,
      "mean": 0.91594,
      "std": 0.06113200798272538,
      "min": 0.8191,
      "max": 0.9819
    },
    "Ion_AvgOcc_Cavity": {
      "count": 5,
      "mean": 0.010199999999999997,
      "std": 0.009507681105295865,
      "min": 0.0,
      "max": 0.0225
    },
    "CavityWater_MeanOcc": {
      "count": 5,
      "mean": 20.607910459738985,
      "std": 0.55460103952369,
      "min": 20.086881188118813,
      "max": 21.628166160081054
    },
    "CavityWater_StdOcc": {
      "count": 5,
      "mean": 3.0274738538753887,
      "std": 0.3776694730443342,
      "min": 2.664938620897609,
      "max": 3.7221150991468015
    },
    "CavityWater_AvgResidenceTime_ns": {
      "count": 5,
      "mean": 0.2603854036572989,
      "std": 0.011137873512760268,
      "min": 0.24835691294258558,
      "max": 0.27858677899080203
    },
    "CavityWater_ExchangeRatePerNs": {
      "count": 5,
      "mean": 31.519872652833254,
      "std": 1.861909549327685,
      "min": 28.801683585045804,
      "max": 33.84595895616924
    }
  },
  "comparison": {
    "GG_AC_Mean_Filt": {
      "difference": 0.2777908757009433,
      "percent_change": 3.5079300340722055,
      "t_statistic": null,
      "p_value": null,
      "significant": null
    },
    "GG_AC_Std_Filt": {
      "difference": 0.06376772730423932,
      "percent_change": 42.42975505101862,
      "t_statistic": null,
      "p_value": null,
      "significant": null
    },
    "GG_BD_Mean_Filt": {
      "difference": 0.07483511043064972,
      "percent_change": 0.9461932521734477,
      "t_statistic": null,
      "p_value": null,
      "significant": null
    },
    "GG_BD_Std_Filt": {
      "difference": 0.06934979928762527,
      "percent_change": 50.367800138962274,
      "t_statistic": null,
      "p_value": null,
      "significant": null
    },
    "Ion_Count": {
      "difference": -27.1,
      "percent_change": -90.33333333333334,
      "t_statistic": null,
      "p_value": null,
      "significant": null
    },
    "Ion_AvgOcc_S0": {
      "difference": -0.5411000000000001,
      "percent_change": -93.52207127795639,
      "t_statistic": null,
      "p_value": null,
      "significant": null
    },
    "Ion_AvgOcc_S1": {
      "difference": -0.13836000000000004,
      "percent_change": -59.49944095639461,
      "t_statistic": null,
      "p_value": null,
      "significant": null
    },
    "Ion_AvgOcc_S2": {
      "difference": -0.01426000000000005,
      "percent_change": -1.5796703296703352,
      "t_statistic": null,
      "p_value": null,
      "significant": null
    },
    "Ion_AvgOcc_S3": {
      "difference": 0.007990000000000011,
      "percent_change": 6.705270224907696,
      "t_statistic": null,
      "p_value": null,
      "significant": null
    },
    "Ion_AvgOcc_S4": {
      "difference": -0.03810999999999998,
      "percent_change": -4.160752887743737,
      "t_statistic": null,
      "p_value": null,
      "significant": null
    },
    "Ion_AvgOcc_Cavity": {
      "difference": -0.0019799999999999957,
      "percent_change": -19.411764705882316,
      "t_statistic": null,
      "p_value": null,
      "significant": null
    },
    "CavityWater_MeanOcc": {
      "difference": -0.4684302617191811,
      "percent_change": -2.273060447512805,
      "t_statistic": null,
      "p_value": null,